{"cameraMode":{"drawMode":0,"name":"Shaded","section":"Shading Mode"},"sceneLighting":true,"audioPlay":false,"sceneViewState":{"m_AlwaysRefresh":false,"showFog":true,"showSkybox":true,"showFlares":true,"showImageEffects":true,"showParticleSystems":true,"showVisualEffectGraphs":true,"m_FxEnabled":true},"in2DMode":false,"pivot":{"x":-2.151087522506714,"y":-0.186722993850708,"z":5.574950218200684},"rotation":{"x":0.22048456966876985,"y":-0.0014666422503069044,"z":0.00033501951838843524,"w":0.975395679473877},"size":10.743802070617676,"orthographic":true}