{"cameraMode":{"drawMode":0,"name":"Shaded","section":"Shading Mode"},"sceneLighting":true,"audioPlay":false,"sceneViewState":{"m_AlwaysRefresh":false,"showFog":true,"showSkybox":true,"showFlares":true,"showImageEffects":true,"showParticleSystems":true,"showVisualEffectGraphs":true,"m_FxEnabled":true},"in2DMode":false,"pivot":{"x":-1.2043523788452149,"y":2.1982200145721437,"z":4.244307518005371},"rotation":{"x":0.22484217584133149,"y":-0.019341763108968736,"z":0.004317564889788628,"w":0.9742645025253296},"size":22.569913864135743,"orthographic":true}